"Id","Position","First Name","Last Name","FPPG","Played","Salary","Game","Team","Opponent","Injury Indicator","Injury Details","",""
"16655-14190","WR","Julio","Jones","17.516666412353516","6","9200","SD@ATL","ATL","SD","","","",""
"16655-6498","QB","Tom","Brady","28.440000534057617","2","9100","NE@PIT","NE","PIT","","","",""
"16655-11612","WR","Antonio","Brown","16.616666158040363","6","9000","NE@PIT","PIT","NE","","","",""
"16655-6779","RB","LeSean","McCoy","20.066666920979817","6","9000","BUF@MIA","BUF","MIA","Q","Hamstring","",""
"16655-6616","QB","Matt","Ryan","24.53333282470703","6","8700","SD@ATL","ATL","SD","","","",""
"16655-14254","RB","DeMarco","Murray","19.3000005086263","6","8700","IND@TEN","TEN","IND","","","",""
"16655-28181","RB","Le'Veon","Bell","18.666666666666668","3","8600","NE@PIT","PIT","NE","","","",""
"16655-31360","WR","Odell","Beckham Jr.","15.266666412353516","6","8600","NYG@LA","NYG","LA","Q","Hip","",""
"16655-6894","QB","Aaron","Rodgers","19.939999389648438","5","8600","CHI@GB","GB","CHI","","","",""
"16655-14187","WR","A.J.","Green","15.59999974568685","6","8500","CLE@CIN","CIN","CLE","","","",""
"16655-6504","QB","Drew","Brees","24.072000122070314","5","8500","NO@KC","NO","KC","","","",""
"16655-11460","TE","Rob","Gronkowski","10.175000190734863","4","8500","NE@PIT","NE","PIT","","","",""
"16655-62497","RB","David","Johnson","23.21666717529297","6","8500","SEA@ARI","ARI","SEA","","","",""
"16655-6589","QB","Ben","Roethlisberger","21.1999994913737","6","8400","NE@PIT","PIT","NE","O","Knee","",""
"16655-28643","WR","Allen","Robinson","11.740000152587891","5","8400","OAK@JAC","JAC","OAK","","","",""
"16655-45859","QB","Derek","Carr","19.62000020345052","6","8300","OAK@JAC","OAK","JAC","","","",""
"16655-21939","QB","Andrew","Luck","21.00666681925456","6","8200","IND@TEN","IND","TEN","Q","Ankle","",""
"16655-6893","WR","Jordy","Nelson","14.439999389648438","5","8200","CHI@GB","GB","CHI","","","",""
"16655-14225","QB","Andy","Dalton","17.93000030517578","6","8100","CLE@CIN","CIN","CLE","","","",""
"16655-30447","RB","Todd","Gurley","11.90000025431315","6","8100","NYG@LA","LA","NYG","","","",""
"16655-22015","QB","Russell","Wilson","14.772000122070313","5","8000","SEA@ARI","SEA","ARI","","","",""
"16655-32384","WR","Mike","Evans","16.980000305175782","5","8000","TB@SF","TB","SF","","","",""
"16655-28900","RB","Melvin","Gordon","16.083333333333332","6","8000","SD@ATL","SD","ATL","","","",""
"16655-6654","QB","Matthew","Stafford","21.21999994913737","6","7900","WAS@DET","DET","WAS","","","",""
"16655-16606","WR","DeAndre","Hopkins","11.483333587646484","6","7900","HOU@DEN","HOU","DEN","","","",""
"16655-29358","QB","Marcus","Mariota","18.413333892822266","6","7900","IND@TEN","TEN","IND","","","",""
"16655-31001","WR","Amari","Cooper","14.416666666666666","6","7900","OAK@JAC","OAK","JAC","","","",""
"16655-7968","QB","Philip","Rivers","18.163333892822266","6","7800","SD@ATL","SD","ATL","","","",""
"16655-22031","WR","T.Y.","Hilton","15.433333079020182","6","7800","IND@TEN","IND","TEN","Q","Hip","",""
"16655-29501","WR","Brandin","Cooks","15.039999389648438","5","7700","NO@KC","NO","KC","","","",""
"16655-28473","RB","Carlos","Hyde","15.333333333333334","6","7700","TB@SF","SF","TB","D","Shoulder","",""
"16655-6826","QB","Eli","Manning","15.536666870117188","6","7700","NYG@LA","NYG","LA","","","",""
"16655-22103","WR","Marvin","Jones Jr.","15.283332824707031","6","7700","WAS@DET","DET","WAS","","","",""
"16655-14377","QB","Tyrod","Taylor","16.773333231608074","6","7700","BUF@MIA","BUF","MIA","","","",""
"16655-22037","RB","Lamar","Miller","13.933333079020182","6","7700","HOU@DEN","HOU","DEN","","","",""
"16655-32418","RB","Christine","Michael","15.919999694824218","5","7600","SEA@ARI","SEA","ARI","","","",""
"16655-6714","QB","Joe","Flacco","15.210000356038412","6","7600","BAL@NYJ","BAL","NYJ","Q","Shoulder","",""
"16655-6748","QB","Carson","Palmer","15.10399932861328","5","7600","SEA@ARI","ARI","SEA","Q","Hamstring","",""
"16655-24920","RB","Devonta","Freeman","14.033332824707031","6","7500","SD@ATL","ATL","SD","","","",""
"16655-24849","QB","Jameis","Winston","18.01600036621094","5","7500","TB@SF","TB","SF","","","",""
"16655-34308","QB","Blake","Bortles","17.767999267578126","5","7400","OAK@JAC","JAC","OAK","","","",""
"16655-6759","WR","Brandon","Marshall","11.466667175292969","6","7400","BAL@NYJ","NYJ","BAL","","","",""
"16655-21970","RB","Doug","Martin","7.199999809265137","2","7300","TB@SF","TB","SF","D","Hamstring","",""
"16655-21980","WR","Alshon","Jeffery","10.533333460489908","6","7300","CHI@GB","CHI","GB","","","",""
"16655-15212","WR","Terrelle","Pryor Sr.","14.256666819254557","6","7300","CLE@CIN","CLE","CIN","Q","Hamstring","",""
"16655-30298","TE","Jordan","Reed","12.019999694824218","5","7300","WAS@DET","WAS","DET","Q","Concussion","",""
"16655-11414","QB","Sam","Bradford","15.875","4","7300","MIN@PHI","MIN","PHI","","","",""
"16655-11432","WR","Demaryius","Thomas","12.183333079020182","6","7300","HOU@DEN","DEN","HOU","","","",""
"16655-22038","QB","Kirk","Cousins","16.8000005086263","6","7300","WAS@DET","WAS","DET","","","",""
"16655-21948","QB","Ryan","Tannehill","14.276667277018229","6","7200","BUF@MIA","MIA","BUF","","","",""
"16655-29249","RB","C.J.","Anderson","12.966667175292969","6","7200","HOU@DEN","DEN","HOU","","","",""
"16655-8005","QB","Alex","Smith","14.675999450683594","5","7200","NO@KC","KC","NO","","","",""
"16655-9392","WR","Michael","Crabtree","14","6","7200","OAK@JAC","OAK","JAC","","","",""
"16655-11779","RB","LeGarrette","Blount","13.800000508626303","6","7100","NE@PIT","NE","PIT","","","",""
"16655-70324","QB","Carson","Wentz","15.627999877929687","5","7100","MIN@PHI","PHI","MIN","","","",""
"16655-14626","WR","Doug","Baldwin","12.34000015258789","5","7100","SEA@ARI","SEA","ARI","","","",""
"16655-6883","WR","Larry","Fitzgerald","15","6","7100","SEA@ARI","ARI","SEA","","","",""
"16655-28434","QB","Trevor","Siemian","14.49199981689453","5","7000","HOU@DEN","DEN","HOU","","","",""
"16655-31459","RB","Spencer","Ware","15.419999694824218","5","7000","NO@KC","KC","NO","","","",""
"16655-31394","WR","Jarvis","Landry","12.616666158040365","6","7000","BUF@MIA","MIA","BUF","","","",""
"16655-25079","WR","Stefon","Diggs","13.875","4","7000","MIN@PHI","MIN","PHI","Q","Groin","",""
"16655-42142","RB","Jordan","Howard","12.960000610351562","5","7000","CHI@GB","CHI","GB","","","",""
"16655-7659","QB","Ryan","Fitzpatrick","12.34000015258789","6","6900","BAL@NYJ","NYJ","BAL","","","",""
"16655-6607","WR","Mike","Wallace","11.90000025431315","6","6900","BAL@NYJ","BAL","NYJ","","","",""
"16655-54607","RB","Terrance","West","11.716667175292969","6","6900","BAL@NYJ","BAL","NYJ","","","",""
"16655-7859","WR","Julian","Edelman","7.333333333333333","6","6900","NE@PIT","NE","PIT","Q","Foot","",""
"16655-30968","RB","Eddie","Lacy","8.15999984741211","5","6900","CHI@GB","GB","CHI","IR","Ankle","",""
"16655-7283","WR","Jeremy","Maclin","9.34000015258789","5","6800","NO@KC","KC","NO","","","",""
"16655-31397","RB","Jeremy","Hill","8.516666412353516","6","6800","CLE@CIN","CIN","CLE","","","",""
"16655-44449","WR","Willie","Snead","12.774999618530273","4","6800","NO@KC","NO","KC","","","",""
"16655-42028","WR","Will","Fuller","12.140000152587891","5","6800","HOU@DEN","HOU","DEN","Q","Hamstring","",""
"16655-6728","RB","Jamaal","Charles","6.199999809265137","2","6800","NO@KC","KC","NO","","","",""
"16655-21994","QB","Brock","Osweiler","13.913333892822266","6","6700","HOU@DEN","HOU","DEN","","","",""
"16655-14257","WR","Randall","Cobb","10.1","5","6700","CHI@GB","GB","CHI","","","",""
"16655-22994","QB","Case","Keenum","14.396666208902994","6","6700","NYG@LA","LA","NYG","","","",""
"16655-30244","RB","Matt","Jones","11.766666412353516","6","6700","WAS@DET","WAS","DET","","","",""
"16655-11505","WR","Emmanuel","Sanders","12.883333841959635","6","6700","HOU@DEN","DEN","HOU","","","",""
"16655-11512","TE","Jimmy","Graham","10.1","5","6700","SEA@ARI","SEA","ARI","Q","Knee","",""
"16655-7872","QB","Brian","Hoyer","15.527999877929688","5","6700","CHI@GB","CHI","GB","","","",""
"16655-6899","RB","Matt","Forte","11.716667175292969","6","6700","BAL@NYJ","NYJ","BAL","","","",""
"16655-29587","QB","Cody","Kessler","12.5","4","6600","CLE@CIN","CLE","CIN","","","",""
"16655-14211","RB","Mark","Ingram","12.719999694824219","5","6600","NO@KC","NO","KC","","","",""
"16655-11485","WR","Golden","Tate","8.450000127156576","6","6600","WAS@DET","DET","WAS","","","",""
"16655-6803","QB","Josh","McCown","16.399999618530273","1","6600","CLE@CIN","CLE","CIN","Q","Collarbone","",""
"16655-6898","QB","Jay","Cutler","8.0600004196167","2","6600","CHI@GB","CHI","GB","NA","Thumb","",""
"16655-14231","QB","Colin","Kaepernick","18.079999923706055","1","6500","TB@SF","SF","TB","","","",""
"16655-54608","RB","Jerick","McKinnon","6.259999847412109","5","6500","MIN@PHI","MIN","PHI","","","",""
"16655-6863","TE","Delanie","Walker","9.019999694824218","5","6500","IND@TEN","TEN","IND","","","",""
"16655-6739","WR","DeSean","Jackson","8.383333206176758","6","6500","WAS@DET","WAS","DET","Q","Shoulder","",""
"16655-14194","QB","Blaine","Gabbert","15.539999389648438","5","6400","TB@SF","SF","TB","","","",""
"16655-27477","WR","Sterling","Shepard","9.200000127156576","6","6400","NYG@LA","NYG","LA","","","",""
"16655-46882","RB","Jay","Ajayi","12.45999984741211","5","6400","BUF@MIA","MIA","BUF","","","",""
"16655-54684","RB","Isaiah","Crowell","12.466667175292969","6","6400","CLE@CIN","CLE","CIN","","","",""
"16655-30837","WR","Jordan","Matthews","11.480000305175782","5","6400","MIN@PHI","PHI","MIN","","","",""
"16655-6840","RB","Frank","Gore","12.683333079020182","6","6400","IND@TEN","IND","TEN","","","",""
"16655-7744","QB","Drew","Stanton","3.265000104904175","4","6400","SEA@ARI","ARI","SEA","","","",""
"16655-25290","RB","Giovani","Bernard","10.133333206176758","6","6300","CLE@CIN","CIN","CLE","","","",""
"16655-33076","TE","Travis","Kelce","9.94000015258789","5","6300","NO@KC","KC","NO","","","",""
"16655-54606","WR","John","Brown","7.016666412353516","6","6300","SEA@ARI","ARI","SEA","Q","Hamstring","",""
"16655-31061","RB","T.J.","Yeldon","8.65999984741211","5","6300","OAK@JAC","JAC","OAK","","","",""
"16655-33465","RB","Theo","Riddick","14.61999969482422","5","6300","WAS@DET","DET","WAS","Q","Ankle","",""
"16655-6535","WR","Kenny","Britt","12.366666158040365","6","6200","NYG@LA","LA","NYG","","","",""
"16655-33260","WR","DeVante","Parker","8.7","5","6200","BUF@MIA","MIA","BUF","","","",""
"16655-27405","QB","Landry","Jones","-0.10000000397364299","3","6200","NE@PIT","PIT","NE","","","",""
"16655-24755","WR","Jamison","Crowder","10.566666920979818","6","6200","WAS@DET","WAS","DET","","","",""
"16655-27776","RB","Tevin","Coleman","14.666666666666666","6","6200","SD@ATL","ATL","SD","","","",""
"16655-33463","QB","Paxton","Lynch","12.0600004196167","2","6200","HOU@DEN","DEN","HOU","","","",""
"16655-6735","WR","Steve","Smith Sr.","10.1","5","6200","BAL@NYJ","BAL","NYJ","Q","Ankle","",""
"16655-62535","WR","Tyrell","Williams","10.433333079020182","6","6100","SD@ATL","SD","ATL","","","",""
"16655-28930","RB","James","White","9.15000025431315","6","6100","NE@PIT","NE","PIT","","","",""
"16655-22035","WR","Travis","Benjamin","10.416666666666666","6","6100","SD@ATL","SD","ATL","Q","Knee","",""
"16655-6774","WR","Pierre","Garcon","8.450000127156576","6","6100","WAS@DET","WAS","DET","","","",""
"16655-32514","QB","Trevone","Boykin","5.400000095367432","1","6000","SEA@ARI","SEA","ARI","","","",""
"16655-21959","QB","Brandon","Weeden","11.403333028157553","6","6000","HOU@DEN","HOU","DEN","","","",""
"16655-14267","QB","Ryan","Mallett","10.991428920200892","7","6000","BAL@NYJ","BAL","NYJ","","","",""
"16655-27266","WR","Quincy","Enunwa","9.09999974568685","6","6000","BAL@NYJ","NYJ","BAL","","","",""
"16655-30231","QB","Jacoby","Brissett","9.433333079020182","3","6000","NE@PIT","NE","PIT","IR","Thumb","",""
"16655-25410","QB","Mike","Glennon","0","0","6000","TB@SF","TB","SF","","","",""
"16655-54604","QB","Jimmy","Garoppolo","11.846666971842447","3","6000","NE@PIT","NE","PIT","Q","Shoulder","",""
"16655-25760","WR","Allen","Hurns","9.2","5","6000","OAK@JAC","JAC","OAK","Q","Shoulder","",""
"16655-33557","TE","Tyler","Eifert","12.73076923076923","13","6000","CLE@CIN","CIN","CLE","Q","Back","",""
"16655-38435","QB","Jared","Goff","0","0","6000","NYG@LA","LA","NYG","","","",""
"16655-7970","QB","Charlie","Whitehurst","10.380000114440918","1","6000","CLE@CIN","CLE","CIN","","","",""
"16655-6844","QB","Shaun","Hill","10.239999771118164","1","6000","MIN@PHI","MIN","PHI","","","",""
"16655-6679","QB","Matt","Schaub","15.300000190734863","2","6000","SD@ATL","ATL","SD","","","",""
"16655-7778","QB","Matt","Cassel","-0.10000000149011612","1","6000","IND@TEN","TEN","IND","","","",""
"16655-22027","QB","Nick","Foles","9.64363653009588","11","6000","NO@KC","KC","NO","","","",""
"16655-21971","TE","Coby","Fleener","10.280000305175781","5","5900","NO@KC","NO","KC","","","",""
"16655-21952","WR","Michael","Floyd","7.366666793823242","6","5900","SEA@ARI","ARI","SEA","","","",""
"16655-6479","WR","Anquan","Boldin","9.483333587646484","6","5900","WAS@DET","DET","WAS","","","",""
"16655-31047","QB","AJ","McCarron","8.17999976021903","7","5900","CLE@CIN","CIN","CLE","","","",""
"16655-62538","WR","Cameron","Meredith","11.274999618530273","4","5900","CHI@GB","CHI","GB","","","",""
"16655-34331","RB","Latavius","Murray","11.625","4","5900","OAK@JAC","OAK","JAC","Q","Toe","",""
"16655-6448","TE","Martellus","Bennett","12.300000508626303","6","5800","NE@PIT","NE","PIT","Q","Ankle","",""
"16655-31241","WR","Sammie","Coates","10.683333079020182","6","5800","NE@PIT","PIT","NE","","","",""
"16655-26458","WR","Tavon","Austin","8.066666920979818","6","5800","NYG@LA","LA","NYG","","","",""
"16655-11425","RB","Ryan","Mathews","9.84000015258789","5","5800","MIN@PHI","PHI","MIN","","","",""
"16655-25813","WR","Phillip","Dorsett","6.349999745686849","6","5800","IND@TEN","IND","TEN","Q","Hamstring","",""
"16655-8052","RB","Rashad","Jennings","6.266666412353516","3","5800","NYG@LA","NYG","LA","","","",""
"16655-40845","TE","Hunter","Henry","11.3","5","5800","SD@ATL","SD","ATL","","","",""
"16655-6768","WR","Eddie","Royal","11.050000508626303","6","5800","CHI@GB","CHI","GB","NA","Toe","",""
"16655-22004","TE","Dwayne","Allen","7.033333460489909","6","5700","IND@TEN","IND","TEN","D","Ankle","",""
"16655-29685","WR","Robert","Woods","7.183333079020183","6","5700","BUF@MIA","BUF","MIA","Q","Foot","",""
"16655-31732","WR","Corey","Coleman","16.399999618530273","2","5700","CLE@CIN","CLE","CIN","O","Hand","",""
"16655-28573","WR","Michael","Thomas","12.34000015258789","5","5700","NO@KC","NO","KC","","","",""
"16655-11495","WR","Brandon","LaFell","9.700000127156576","6","5700","CLE@CIN","CIN","CLE","","","",""
"16655-25272","TE","Eric","Ebron","9","4","5600","WAS@DET","DET","WAS","Q","Knee","",""
"16655-32613","RB","DeAndre","Washington","5.333333333333333","6","5600","OAK@JAC","OAK","JAC","","","",""
"16655-11999","WR","Victor","Cruz","6.849999745686849","6","5600","NYG@LA","NYG","LA","","","",""
"16655-14288","WR","Torrey","Smith","6.033333460489909","6","5600","TB@SF","SF","TB","Q","Back","",""
"16655-10777","RB","Arian","Foster","4.966666539510091","3","5600","BUF@MIA","MIA","BUF","","","",""
"16655-39580","RB","Devontae","Booker","4.100000063578288","6","5600","HOU@DEN","DEN","HOU","","","",""
"16655-14645","WR","Dontrelle","Inman","5.149999936421712","6","5600","SD@ATL","SD","ATL","","","",""
"16655-22163","WR","Rishard","Matthews","8.283333460489908","6","5600","IND@TEN","TEN","IND","","","",""
"16655-29734","WR","Ty","Montgomery","2.6799999237060548","5","5600","CHI@GB","GB","CHI","","","",""
"16655-22018","WR","Mohamed","Sanu","7.783333460489909","6","5600","SD@ATL","ATL","SD","Q","Groin","",""
"16655-14336","RB","Jacquizz","Rodgers","6.125","4","5600","TB@SF","TB","SF","","","",""
"16655-31561","WR","Donte","Moncrief","8.399999618530273","2","5500","IND@TEN","IND","TEN","O","Shoulder","",""
"16655-22848","QB","Austin","Davis","7.393333435058594","3","5500","HOU@DEN","DEN","HOU","","","",""
"16655-11864","RB","Chris","Ivory","5.400000254313151","3","5500","OAK@JAC","JAC","OAK","","","",""
"16655-14317","TE","Julius","Thomas","7.525000095367432","4","5500","OAK@JAC","JAC","OAK","Q","Ankle","",""
"16655-11500","QB","Colt","McCoy","8.819999694824219","1","5500","WAS@DET","WAS","DET","","","",""
"16655-14704","WR","Chris","Hogan","6.700000127156575","6","5500","NE@PIT","NE","PIT","","","",""
"16655-8050","TE","Zach","Miller","10","6","5500","CHI@GB","CHI","GB","","","",""
"16655-7965","TE","Antonio","Gates","6.025000095367432","4","5500","SD@ATL","SD","ATL","","","",""
"16655-6808","QB","Matt","Moore","0.36000001430511475","1","5500","BUF@MIA","MIA","BUF","","","",""
"16655-7844","QB","Chad","Henne","0","0","5500","OAK@JAC","JAC","OAK","","","",""
"16655-6732","RB","DeAngelo","Williams","11.34999974568685","6","5500","NE@PIT","PIT","NE","Q","Knee","",""
"16655-28677","QB","Matt","McGloin","5.340000152587891","2","5500","OAK@JAC","OAK","JAC","","","",""
"16655-14237","TE","Kyle","Rudolph","10.419999694824218","5","5400","MIN@PHI","MIN","PHI","","","",""
"16655-34295","WR","Breshad","Perriman","3.9833332697550454","6","5400","BAL@NYJ","BAL","NYJ","","","",""
"16655-14320","RB","Bilal","Powell","6.25","6","5400","BAL@NYJ","NYJ","BAL","","","",""
"16655-62616","RB","Zach","Zenner","5.599999745686849","3","5400","WAS@DET","DET","WAS","","","",""
"16655-14757","RB","Matt","Asiata","6.619999694824219","5","5400","MIN@PHI","MIN","PHI","","","",""
"16655-39716","WR","Adam","Thielen","8.640000152587891","5","5400","MIN@PHI","MIN","PHI","","","",""
"16655-28694","TE","Jesse","James","7.016666412353516","6","5400","NE@PIT","PIT","NE","","","",""
"16655-14349","WR","Jeremy","Kerley","9.59999974568685","6","5400","TB@SF","SF","TB","","","",""
"16655-29683","WR","Nelson","Agholor","6.519999694824219","5","5300","MIN@PHI","PHI","MIN","","","",""
"16655-30237","RB","Mike","Gillislee","5.650000254313151","6","5300","BUF@MIA","BUF","MIA","","","",""
"16655-14905","WR","Kamar","Aiken","2.366666634877523","6","5300","BAL@NYJ","BAL","NYJ","Q","Thigh","",""
"16655-43413","RB","Kenneth","Dixon","1.350000023841858","2","5300","BAL@NYJ","BAL","NYJ","","","",""
"16655-25837","RB","Duke","Johnson Jr.","8.65000025431315","6","5300","CLE@CIN","CLE","CIN","","","",""
"16655-32243","WR","Marquise","Goodwin","6.5","5","5300","BUF@MIA","BUF","MIA","","","",""
"16655-11532","TE","Dennis","Pitta","7.75","6","5300","BAL@NYJ","BAL","NYJ","","","",""
"16655-14198","QB","Christian","Ponder","0","0","5200","TB@SF","SF","TB","","","",""
"16655-6422","TE","Gary","Barnidge","7.25","6","5200","CLE@CIN","CLE","CIN","","","",""
"16655-54782","TE","Cameron","Brate","8.04000015258789","5","5200","TB@SF","TB","SF","","","",""
"16655-54741","WR","Seth","Roberts","6.483333587646484","6","5200","OAK@JAC","OAK","JAC","","","",""
"16655-39280","RB","Derrick","Henry","4.216666539510091","6","5200","IND@TEN","TEN","IND","","","",""
"16655-38509","RB","Wendell","Smallwood","6.025000095367432","4","5200","MIN@PHI","PHI","MIN","","","",""
"16655-6857","RB","Justin","Forsett","4.849999904632568","4","5200","WAS@DET","DET","WAS","","","",""
"16655-6664","TE","Jacob","Tamme","6.483333587646484","6","5200","SD@ATL","ATL","SD","","","",""
"16655-27050","WR","Tyler","Lockett","4.179999923706054","5","5200","SEA@ARI","SEA","ARI","","","",""
"16655-29645","RB","Javorius","Allen","3.049999952316284","2","5100","BAL@NYJ","BAL","NYJ","","","",""
"16655-45889","WR","Davante","Adams","9.05999984741211","5","5100","CHI@GB","GB","CHI","","","",""
"16655-27457","WR","Kenny","Stills","6.533333460489909","6","5100","BUF@MIA","MIA","BUF","","","",""
"16655-33578","RB","Jalen","Richard","6.950000127156575","6","5100","OAK@JAC","OAK","JAC","","","",""
"16655-7953","WR","Vincent","Jackson","4.959999847412109","5","5100","TB@SF","TB","SF","IR","Knee","",""
"16655-7972","RB","Darren","Sproles","8.759999847412109","5","5100","MIN@PHI","PHI","MIN","","","",""
"16655-27908","TE","C.J.","Fiedorowicz","6.683333079020183","6","5100","HOU@DEN","HOU","DEN","","","",""
"16655-7900","K","Stephen","Gostkowski","7.833333333333333","6","5100","NE@PIT","NE","PIT","","","",""
"16655-12528","D","Cincinnati","Bengals","5.333333333333333","6","5100","CLE@CIN","CIN","CLE","","","",""
"16655-14362","TE","Charles","Clay","5.816666920979817","6","5100","BUF@MIA","BUF","MIA","Q","Ankle","",""
"16655-29780","TE","Zach","Ertz","5.566666920979817","3","5100","MIN@PHI","PHI","MIN","","","",""
"16655-8803","QB","Chase","Daniel","-0.019999999552965164","2","5000","MIN@PHI","PHI","MIN","","","",""
"16655-70446","QB","Joe","Callahan","0","0","5000","NO@KC","NO","KC","","","",""
"16655-30652","WR","Tanner","McEvoy","4.299999872843425","3","5000","SEA@ARI","SEA","ARI","","","",""
"16655-21957","WR","Kendall","Wright","9.033333460489908","3","5000","IND@TEN","TEN","IND","","","",""
"16655-28163","QB","Connor","Cook","0","0","5000","OAK@JAC","OAK","JAC","","","",""
"16655-70464","QB","Josh","Woodrum","0","0","5000","IND@TEN","IND","TEN","","","",""
"16655-47772","QB","Brandon","Doughty","0","0","5000","BUF@MIA","MIA","BUF","","","",""
"16655-43956","QB","David","Fales","0","0","5000","BAL@NYJ","BAL","NYJ","","","",""
"16655-26355","QB","Logan","Thomas","0","0","5000","NYG@LA","NYG","LA","","","",""
"16655-41732","QB","Christian","Hackenberg","0","0","5000","BAL@NYJ","NYJ","BAL","","","",""
"16655-29605","QB","Matt","Barkley","0","0","5000","CHI@GB","CHI","GB","","","",""
"16655-45797","QB","Garrett","Grayson","0","1","5000","NO@KC","NO","KC","","","",""
"16655-26141","QB","Ryan","Nassib","6.71999979019165","1","5000","NYG@LA","NYG","LA","","","",""
"16655-33244","WR","Eli","Rogers","6.5","4","5000","NE@PIT","PIT","NE","","","",""
"16655-29445","QB","Sean","Mannion","1.2400000095367432","1","5000","NYG@LA","LA","NYG","","","",""
"16655-29500","WR","Markus","Wheaton","5.033333460489909","3","5000","NE@PIT","PIT","NE","Q","Shoulder","",""
"16655-53331","QB","Taylor","Heinicke","0","0","5000","MIN@PHI","MIN","PHI","O","Ankle","",""
"16655-29314","TE","Richard","Rodgers","3.540000152587891","5","5000","CHI@GB","GB","CHI","","","",""
"16655-54705","QB","Dustin","Vaughan","0","0","5000","NE@PIT","PIT","NE","","","",""
"16655-28515","QB","Cardale","Jones","0","0","5000","BUF@MIA","BUF","MIA","","","",""
"16655-30253","QB","Jeff","Driskel","0","0","5000","CLE@CIN","CIN","CLE","","","",""
"16655-26483","QB","Geno","Smith","0.4399999976158142","1","5000","BAL@NYJ","NYJ","BAL","","","",""
"16655-31421","QB","Zach","Mettenberger","7.028571537562779","7","5000","NE@PIT","PIT","NE","","","",""
"16655-8071","QB","Dan","Orlovsky","5.519999980926514","2","5000","WAS@DET","DET","WAS","","","",""
"16655-44500","QB","Keith","Wenning","0","0","5000","CLE@CIN","CIN","CLE","","","",""
"16655-14696","QB","Scott","Tolzien","-0.07000000029802322","2","5000","IND@TEN","IND","TEN","","","",""
"16655-27801","QB","Nate","Sudfeld","0","0","5000","WAS@DET","WAS","DET","","","",""
"16655-33702","QB","Ryan","Griffin","0","0","5000","TB@SF","TB","SF","","","",""
"16655-8023","QB","Josh","Johnson","0","0","5000","NYG@LA","NYG","LA","","","",""
"16655-26877","QB","Jake","Heaps","0","0","5000","SEA@ARI","SEA","ARI","","","",""
"16655-31170","QB","Brandon","Allen","0","0","5000","OAK@JAC","JAC","OAK","","","",""
"16655-8051","QB","Luke","McCown","6.199999809265137","2","5000","NO@KC","NO","KC","","","",""
"16655-70127","QB","Griffin","Neal","0","0","5000","NO@KC","NO","KC","","","",""
"16655-34729","RB","Dwayne","Washington","3.7750000953674316","4","5000","WAS@DET","DET","WAS","Q","Ankle","",""
"16655-31798","QB","Bryce","Petty","0","0","5000","BAL@NYJ","NYJ","BAL","","","",""
"16655-23045","K","Justin","Tucker","10.666666666666666","6","5000","BAL@NYJ","BAL","NYJ","","","",""
"16655-30788","QB","Tyler","Bray","0","0","5000","NO@KC","KC","NO","","","",""
"16655-7919","QB","Kellen","Clemens","-0.10000000149011612","1","5000","SD@ATL","SD","ATL","","","",""
"16655-27982","QB","Jake","Rudock","0","0","5000","WAS@DET","DET","WAS","","","",""
"16655-29915","QB","Brett","Hundley","0","0","5000","CHI@GB","GB","CHI","","","",""
"16655-24912","K","Dustin","Hopkins","10.666666666666666","6","5000","WAS@DET","WAS","DET","","","",""
"16655-12531","D","Denver","Broncos","10.5","6","5000","HOU@DEN","DEN","HOU","","","",""
"16655-24949","QB","EJ","Manuel","0.8500000238418579","2","5000","BUF@MIA","BUF","MIA","","","",""
"16655-25969","QB","Tom","Savage","0","0","5000","HOU@DEN","HOU","DEN","","","",""
"16655-34459","QB","B.J.","Daniels","0.9200000166893005","4","5000","CHI@GB","CHI","GB","","","",""
"16655-28157","WR","Bennie","Fowler","3.450000047683716","4","5000","HOU@DEN","DEN","HOU","","","",""
"16655-28202","RB","Jeremy","Langford","8.933333079020182","3","4900","CHI@GB","CHI","GB","NA","Ankle","",""
"16655-6643","RB","Reggie","Bush","0.16666666666666666","3","4900","BUF@MIA","BUF","MIA","","","",""
"16655-22958","RB","Bobby","Rainey","6.800000190734863","4","4900","NYG@LA","NYG","LA","","","",""
"16655-29357","RB","Kenjon","Barner","3.799999952316284","4","4900","MIN@PHI","PHI","MIN","","","",""
"16655-39373","WR","Jaelen","Strong","3.6200000762939455","5","4900","HOU@DEN","HOU","DEN","","","",""
"16655-11419","RB","C.J.","Spiller","6.849999904632568","2","4900","SEA@ARI","SEA","ARI","","","",""
"16655-8117","WR","Danny","Amendola","5.416666666666667","6","4900","NE@PIT","NE","PIT","","","",""
"16655-39449","WR","Charles","Johnson","2.4399999618530273","5","4900","MIN@PHI","MIN","PHI","","","",""
"16655-24671","WR","Adam","Humphries","6.8599998474121096","5","4900","TB@SF","TB","SF","","","",""
"16655-33766","RB","Rob","Kelley","2.200000047683716","4","4900","WAS@DET","WAS","DET","","","",""
"16655-30775","WR","Justin","Hunter","8.199999809265137","2","4900","BUF@MIA","BUF","MIA","","","",""
"16655-30733","WR","Cordarrelle","Patterson","4.420000076293945","5","4900","MIN@PHI","MIN","PHI","","","",""
"16655-6681","WR","Andre","Johnson","5","5","4900","IND@TEN","TEN","IND","","","",""
"16655-12540","D","Minnesota","Vikings","16.6","5","4900","MIN@PHI","MIN","PHI","","","",""
"16655-6668","K","Adam","Vinatieri","13","6","4900","IND@TEN","IND","TEN","","","",""
"16655-24891","RB","Chris","Thompson","7.650000254313151","6","4900","WAS@DET","WAS","DET","","","",""
"16655-45723","TE","Crockett","Gillmore","3.4200000762939453","5","4800","BAL@NYJ","BAL","NYJ","","","",""
"16655-30261","K","Caleb","Sturgis","10.8","5","4800","MIN@PHI","PHI","MIN","","","",""
"16655-40669","WR","Tyler","Boyd","5.283333460489909","6","4800","CLE@CIN","CIN","CLE","","","",""
"16655-25775","TE","Clive","Walford","5.7","5","4800","OAK@JAC","OAK","JAC","","","",""
"16655-12550","D","Seattle","Seahawks","8","5","4800","SEA@ARI","SEA","ARI","","","",""
"16655-12555","D","Baltimore","Ravens","8","6","4800","BAL@NYJ","BAL","NYJ","","","",""
"16655-33714","K","Cairo","Santos","8.4","5","4800","NO@KC","KC","NO","","","",""
"16655-31207","TE","C.J.","Uzomah","4.633333206176758","6","4800","CLE@CIN","CIN","CLE","","","",""
"16655-39427","WR","Quinton","Patton","4.233333269755046","6","4800","TB@SF","SF","TB","","","",""
"16655-33691","RB","Orleans","Darkwa","6.324999809265137","4","4800","NYG@LA","NYG","LA","","","",""
"16655-16923","TE","Austin","Seferian-Jenkins","4.866666793823242","3","4800","BAL@NYJ","NYJ","BAL","Q","Ankle","",""
"16655-24589","WR","Jaron","Brown","5.033333460489909","6","4800","SEA@ARI","ARI","SEA","Q","Knee","",""
"16655-21123","TE","Larry","Donnell","5.349999904632568","4","4800","NYG@LA","NYG","LA","","","",""
"16655-22258","RB","Travaris","Cadet","4.579999923706055","5","4800","NO@KC","NO","KC","","","",""
"16655-28095","RB","Thomas","Rawls","4.800000190734863","2","4800","SEA@ARI","SEA","ARI","O","Lower leg","",""
"16655-6724","K","Steven","Hauschka","8.6","5","4800","SEA@ARI","SEA","ARI","","","",""
"16655-24847","TE","Will","Tye","3.5833333333333335","6","4800","NYG@LA","NYG","LA","","","",""
"16655-33472","RB","C.J.","Prosise","1.600000023841858","1","4800","SEA@ARI","SEA","ARI","","","",""
"16655-26247","K","Brandon","McManus","8.666666666666666","6","4700","HOU@DEN","DEN","HOU","","","",""
"16655-54753","WR","Taylor","Gabriel","3.674999952316284","4","4700","SD@ATL","ATL","SD","Q","Concussion","",""
"16655-30403","WR","Chris","Conley","5.759999847412109","5","4700","NO@KC","KC","NO","","","",""
"16655-27441","RB","Damien","Williams","6.6","5","4700","BUF@MIA","MIA","BUF","","","",""
"16655-54687","RB","Charcandrick","West","4.150000095367432","4","4700","NO@KC","KC","NO","","","",""
"16655-22754","TE","Garrett","Celek","3.8","5","4700","TB@SF","SF","TB","","","",""
"16655-32058","K","Chris","Boswell","5.666666666666667","6","4700","NE@PIT","PIT","NE","","","",""
"16655-30989","RB","Kenyan","Drake","4.775000095367432","4","4700","BUF@MIA","MIA","BUF","","","",""
"16655-24569","K","Chandler","Catanzaro","6.333333333333333","6","4700","SEA@ARI","ARI","SEA","","","",""
"16655-39859","TE","Jack","Doyle","8.066666920979818","6","4700","IND@TEN","IND","TEN","","","",""
"16655-47523","WR","Tajae","Sharpe","4.666666666666667","6","4700","IND@TEN","TEN","IND","","","",""
"16655-10647","K","Matt","Bryant","10","6","4700","SD@ATL","ATL","SD","","","",""
"16655-6897","K","Mason","Crosby","9","5","4700","CHI@GB","GB","CHI","","","",""
"16655-12526","D","Buffalo","Bills","12.5","6","4700","BUF@MIA","BUF","MIA","","","",""
"16655-12538","D","Los Angeles","Rams","7.5","6","4700","NYG@LA","LA","NYG","","","",""
"16655-6702","K","Phil","Dawson","6.166666666666667","6","4700","TB@SF","SF","TB","","","",""
"16655-6636","K","Mike","Nugent","8.833333333333334","6","4600","CLE@CIN","CIN","CLE","","","",""
"16655-6642","K","Nick","Folk","7.166666666666667","6","4600","BAL@NYJ","NYJ","BAL","","","",""
"16655-6522","K","Josh","Brown","9.2","5","4600","NYG@LA","NYG","LA","O","Coach's decision","",""
"16655-12090","K","Nick","Novak","10.4","5","4600","HOU@DEN","HOU","DEN","","","",""
"16655-32429","K","Josh","Lambo","9.833333333333334","6","4600","SD@ATL","SD","ATL","","","",""
"16655-29183","RB","D.J.","Foster","1.0333333015441895","3","4600","NE@PIT","NE","PIT","","","",""
"16655-24817","TE","Nick","O'Leary","2.549999952316284","4","4600","BUF@MIA","BUF","MIA","","","",""
"16655-48344","WR","Albert","Wilson","3.625","4","4600","NO@KC","KC","NO","","","",""
"16655-12546","D","Arizona","Cardinals","11.5","6","4600","SEA@ARI","ARI","SEA","","","",""
"16655-6810","K","Dan","Carpenter","7.666666666666667","6","4600","BUF@MIA","BUF","MIA","","","",""
"16655-6823","TE","John","Phillips","4.166666666666667","3","4600","HOU@DEN","DEN","HOU","","","",""
"16655-7831","K","Sebastian","Janikowski","7.5","6","4600","OAK@JAC","OAK","JAC","","","",""
"16655-11712","RB","Joique","Bell","0.6000000238418579","1","4600","CHI@GB","CHI","GB","","","",""
"16655-26094","WR","Brandon","Coleman","4.400000095367432","4","4600","NO@KC","NO","KC","","","",""
"16655-22109","K","Greg","Zuerlein","8.6","5","4600","NYG@LA","LA","NYG","","","",""
"16655-22110","K","Blair","Walsh","8.4","5","4600","MIN@PHI","MIN","PHI","","","",""
"16655-12537","D","Oakland","Raiders","4.333333333333333","6","4600","OAK@JAC","OAK","JAC","","","",""
"16655-12533","D","Green Bay","Packers","5.8","5","4600","CHI@GB","GB","CHI","","","",""
"16655-12534","D","Tennessee","Titans","7.166666666666667","6","4600","IND@TEN","TEN","IND","","","",""
"16655-27134","WR","Dorial","Green-Beckham","3.720000076293945","5","4600","MIN@PHI","PHI","MIN","","","",""
"16655-6782","K","Matt","Prater","8.166666666666666","6","4600","WAS@DET","DET","WAS","","","",""
"16655-22054","WR","Jarius","Wright","5.199999809265137","1","4600","MIN@PHI","MIN","PHI","Q","Ankle","",""
"16655-22003","RB","Ronnie","Hillman","9.337499618530273","16","4500","MIN@PHI","MIN","PHI","","","",""
"16655-47828","RB","Antonio","Andrews","0","2","4500","IND@TEN","TEN","IND","","","",""
"16655-29655","RB","Soma","Vainuku","0","0","4500","HOU@DEN","HOU","DEN","","","",""
"16655-22010","WR","DeVier","Posey","0","0","4500","HOU@DEN","DEN","HOU","","","",""
"16655-6566","RB","Chris","Johnson","3.875","4","4500","SEA@ARI","ARI","SEA","IR","Groin","",""
"16655-6567","TE","David","Johnson","1.3666666348775227","3","4500","NE@PIT","PIT","NE","","","",""
"16655-70423","TE","Anthony","Norris","0","0","4500","HOU@DEN","DEN","HOU","","","",""
"16655-21984","RB","Isaiah","Pead","1.649999976158142","2","4500","BUF@MIA","MIA","BUF","","","",""
"16655-30598","TE","Busta","Anderson","0","0","4500","CHI@GB","CHI","GB","","","",""
"16655-33037","WR","Kenbrell","Thompkins","4.166666666666667","6","4500","BAL@NYJ","NYJ","BAL","","","",""
"16655-47861","TE","Mitchell","Henry","0","2","4500","CHI@GB","GB","CHI","","","",""
"16655-21972","WR","Brian","Quick","8.75","6","4500","NYG@LA","LA","NYG","","","",""
"16655-70444","WR","Paul","McRoberts","0","0","4500","NYG@LA","LA","NYG","","","",""
"16655-26251","WR","Robby","Anderson","3.125","4","4500","BAL@NYJ","NYJ","BAL","","","",""
"16655-32551","WR","Kolby","Listenbee","0","0","4500","BUF@MIA","BUF","MIA","O","Pelvis","",""
"16655-30654","TE","Jerell","Adams","3.700000047683716","1","4500","NYG@LA","NYG","LA","","","",""
"16655-47870","TE","Tyler","Higbee","0.23333332935969034","3","4500","NYG@LA","LA","NYG","","","",""
"16655-64104","RB","Terrell","Watson","0","0","4500","CLE@CIN","CLE","CIN","","","",""
"16655-41806","WR","Laquon","Treadwell","0","2","4500","MIN@PHI","MIN","PHI","Q","Thumb","",""
"16655-29672","RB","Silas","Redd Jr.","0","0","4500","WAS@DET","WAS","DET","O","Suspension","",""
"16655-30635","RB","Mike","Davis","0.8800000190734864","5","4500","TB@SF","SF","TB","","","",""
"16655-45683","RB","Kapri","Bibbs","1.0666666825612385","3","4500","HOU@DEN","DEN","HOU","","","",""
"16655-70457","TE","Cole","Wick","0.9333333174387614","3","4500","WAS@DET","DET","WAS","","","",""
"16655-34154","WR","J.J.","Nelson","2.3499999046325684","4","4500","SEA@ARI","ARI","SEA","","","",""
"16655-32564","WR","Josh","Doctson","3.799999952316284","2","4500","WAS@DET","WAS","DET","O","Achilles","",""
"16655-29593","WR","Marqise","Lee","6.8","5","4500","OAK@JAC","JAC","OAK","","","",""
"16655-29592","TE","Xavier","Grimble","3.9749999046325684","4","4500","NE@PIT","PIT","NE","","","",""
"16655-40126","TE","Austin","Hooper","6.099999904632568","4","4500","SD@ATL","ATL","SD","","","",""
"16655-39153","TE","Ifeanyi","Momah","0","1","4500","SEA@ARI","ARI","SEA","","","",""
"16655-30684","RB","Brandon","Wilds","0","0","4500","BAL@NYJ","NYJ","BAL","","","",""
"16655-34073","TE","Ryan","Griffin","4.366666793823242","6","4500","HOU@DEN","HOU","DEN","","","",""
"16655-27199","RB","Marcus","Murphy","0","1","4500","NO@KC","NO","KC","","","",""
"16655-6653","RB","Jerome","Felton","0.44999998807907104","4","4500","BUF@MIA","BUF","MIA","Q","Back","",""
"16655-34051","WR","Deshon","Foxx","0","0","4500","SEA@ARI","SEA","ARI","","","",""
"16655-22898","RB","Brandon","Bolden","1.4500000476837158","2","4500","NE@PIT","NE","PIT","Q","Knee","",""
"16655-29583","TE","Randall","Telfer","0","1","4500","CLE@CIN","CLE","CIN","Q","Ankle","",""
"16655-70489","TE","Ben","Braunecker","0","0","4500","CHI@GB","CHI","GB","","","",""
"16655-43961","RB","Tyler","Ervin","0.033333333830038704","6","4500","HOU@DEN","HOU","DEN","","","",""
"16655-30667","TE","Justice","Cunningham","0","2","4500","NYG@LA","LA","NYG","","","",""
"16655-22849","TE","Cory","Harkey","0.8499999841054281","6","4500","NYG@LA","LA","NYG","","","",""
"16655-25225","WR","Quinshad","Davis","0","0","4500","WAS@DET","DET","WAS","","","",""
"16655-29624","RB","Tre","Madden","0","0","4500","SEA@ARI","SEA","ARI","IR","Undisclosed","",""
"16655-70501","RB","C.J.","Ham","0","0","4500","MIN@PHI","MIN","PHI","","","",""
"16655-28249","RB","David","Cobb","2.9857142312186107","7","4500","NE@PIT","PIT","NE","","","",""
"16655-31524","WR","Cody","Core","0","0","4500","CLE@CIN","CIN","CLE","","","",""
"16655-28246","WR","Isaac","Fruechte","0","0","4500","MIN@PHI","MIN","PHI","","","",""
"16655-70506","TE","Ryan","O'Malley","0","0","4500","OAK@JAC","OAK","JAC","","","",""
"16655-33137","WR","Justin","Hardy","4.3799999237060545","5","4500","SD@ATL","ATL","SD","","","",""
"16655-6595","TE","Matt","Spaeth","0.6666666666666666","3","4500","NE@PIT","PIT","NE","","","",""
"16655-6622","WR","Eric","Weems","0","6","4500","SD@ATL","ATL","SD","","","",""
"16655-32632","WR","Bradley","Marquez","1.2333333492279053","3","4500","NYG@LA","LA","NYG","","","",""
"16655-28226","WR","Aaron","Burbridge","0.5","2","4500","TB@SF","SF","TB","","","",""
"16655-72676","RB","Troymaine","Pope","0","0","4500","BAL@NYJ","NYJ","BAL","","","",""
"16655-22959","WR","Deonte","Thompson","0","5","4500","CHI@GB","CHI","GB","","","",""
"16655-28346","TE","Maxx","Williams","4.066666603088379","12","4500","BAL@NYJ","BAL","NYJ","IR","Knee","",""
"16655-15178","RB","Chase","Reynolds","0","2","4500","NYG@LA","LA","NYG","","","",""
"16655-70553","WR","Kieran","Duncan","0","0","4500","CHI@GB","CHI","GB","","","",""
"16655-31703","RB","Malcolm","Johnson","0.625","4","4500","CLE@CIN","CLE","CIN","","","",""
"16655-45791","WR","Rashard","Higgins","0.4749999940395355","4","4500","CLE@CIN","CLE","CIN","","","",""
"16655-32674","TE","Jace","Amaro","7.400000095367432","1","4500","IND@TEN","TEN","IND","","","",""
"16655-46767","TE","Je'Ron","Hamm","0","1","4500","TB@SF","SF","TB","","","",""
"16655-28311","TE","MarQueis","Gray","4.800000190734863","2","4500","BUF@MIA","MIA","BUF","","","",""
"16655-22920","TE","Derek","Carrier","2.600000034679066","11","4500","WAS@DET","WAS","DET","NA","Knee","",""
"16655-14268","RB","Stevan","Ridley","1.350000023841858","8","4500","IND@TEN","IND","TEN","","","",""
"16655-34288","WR","Rannell","Hall","0","1","4500","CLE@CIN","CLE","CIN","IR","Leg","",""
"16655-14266","RB","Daniel","Thomas","0","0","4500","BUF@MIA","MIA","BUF","","","",""
"16655-45809","TE","Kivon","Cartwright","0","0","4500","TB@SF","TB","SF","","","",""
"16655-29540","RB","Terron","Ward","2.7299999237060546","10","4500","SD@ATL","ATL","SD","","","",""
"16655-22938","WR","Rod","Streater","1.5750000476837158","4","4500","TB@SF","SF","TB","","","",""
"16655-27338","RB","Rex","Burkhead","0.5333333412806193","3","4500","CLE@CIN","CIN","CLE","","","",""
"16655-14240","TE","Lance","Kendricks","5.599999745686849","6","4500","NYG@LA","LA","NYG","","","",""
"16655-6427","K","Connor","Barth","6","6","4500","CHI@GB","CHI","GB","","","",""
"16655-45821","WR","Isaiah","Burse","0","0","4500","SD@ATL","SD","ATL","","","",""
"16655-32703","WR","Jakeem","Grant","1.2","5","4500","BUF@MIA","MIA","BUF","","","",""
"16655-14292","TE","Jordan","Cameron","5.333333333333333","3","4500","BUF@MIA","MIA","BUF","Q","Concussion","",""
"16655-23023","TE","Cooper","Helfet","2.7857142857142856","7","4500","OAK@JAC","OAK","JAC","IR","Foot","",""
"16655-14297","WR","Greg","Salas","8.449999809265137","2","4500","BUF@MIA","BUF","MIA","IR","Groin","",""
"16655-11890","WR","Bryan","Walters","0","1","4500","OAK@JAC","JAC","OAK","","","",""
"16655-28408","WR","Kyle","Prater","0","0","4500","NO@KC","NO","KC","","","",""
"16655-25135","WR","Marcus","Leak","0","0","4500","IND@TEN","IND","TEN","","","",""
"16655-14274","TE","Rob","Housler","1.0600000381469727","5","4500","CHI@GB","CHI","GB","","","",""
"16655-33218","TE","Bryce","Williams","0","0","4500","NYG@LA","LA","NYG","","","",""
"16655-14277","WR","Vincent","Brown","2.700000047683716","1","4500","NO@KC","NO","KC","","","",""
"16655-43826","WR","Tommylee","Lewis","2.875","4","4500","NO@KC","NO","KC","","","",""
"16655-14327","RB","Anthony","Sherman","0.4000000059604645","2","4500","NO@KC","KC","NO","","","",""
"16655-22991","RB","Jonathan","Grimes","3.25","2","4500","HOU@DEN","HOU","DEN","O","Ankle","",""
"16655-34224","TE","Kennard","Backman","0","7","4500","CHI@GB","GB","CHI","","","",""
"16655-54280","WR","Duke","Williams","0","0","4500","NYG@LA","LA","NYG","","","",""
"16655-23003","TE","Phillip","Supernaw","1.566666603088379","3","4500","IND@TEN","TEN","IND","","","",""
"16655-14307","WR","Cecil","Shorts III","1.7000000476837158","1","4500","TB@SF","TB","SF","","","",""
"16655-14304","TE","Luke","Stocker","2.075000047683716","8","4500","TB@SF","TB","SF","","","",""
"16655-27273","RB","Andy","Janovich","3.1500000953674316","4","4500","HOU@DEN","DEN","HOU","","","",""
"16655-14305","RB","Roy","Helu Jr.","2.737499952316284","8","4500","OAK@JAC","OAK","JAC","","","",""
"16655-29477","TE","Connor","Hamlett","8.199999809265137","1","4500","CLE@CIN","CLE","CIN","","","",""
"16655-44893","RB","Roosevelt","Nix","0.8666666348775228","3","4500","NE@PIT","PIT","NE","","","",""
"16655-14319","RB","Taiwan","Jones","0.6333333253860474","3","4500","OAK@JAC","OAK","JAC","Q","Knee","",""
"16655-6488","WR","Dwayne","Bowe","1.1142857415335519","7","4500","CLE@CIN","CLE","CIN","","","",""
"16655-53681","WR","Tyreek","Hill","5.320000076293946","5","4500","NO@KC","KC","NO","","","",""
"16655-32287","WR","Cayleb","Jones","0","0","4500","MIN@PHI","PHI","MIN","","","",""
"16655-12872","RB","James","Develin","0","0","4500","NE@PIT","NE","PIT","","","",""
"16655-38264","WR","Demarcus","Robinson","0","0","4500","NO@KC","KC","NO","","","",""
"16655-31321","RB","Jay","Prosch","0.6499999761581421","2","4500","HOU@DEN","HOU","DEN","","","",""
"16655-10030","WR","Harry","Douglas","3.049999952316284","2","4500","IND@TEN","TEN","IND","","","",""
"16655-29404","RB","Byron","Marshall","0","0","4500","MIN@PHI","PHI","MIN","","","",""
"16655-31308","WR","Quan","Bray","0.9666666984558105","6","4500","IND@TEN","IND","TEN","IR","Ankle","",""
"16655-12903","WR","Andrew","Hawkins","5.149999936421712","6","4500","CLE@CIN","CLE","CIN","","","",""
"16655-39305","TE","A.J.","Derby","0","0","4500","NE@PIT","NE","PIT","","","",""
"16655-32807","TE","Anthony","Denham","0","0","4500","MIN@PHI","PHI","MIN","","","",""
"16655-32309","TE","M.J.","McFarland","0","0","4500","MIN@PHI","PHI","MIN","","","",""
"16655-25554","RB","Nikita","Whitlock","0","14","4500","NYG@LA","NYG","LA","O","Suspension","",""
"16655-30385","WR","Marlon","Brown","2.0222223069932728","9","4500","HOU@DEN","DEN","HOU","","","",""
"16655-55577","WR","Hunter","Sharp","0","0","4500","MIN@PHI","PHI","MIN","","","",""
"16655-15006","RB","Shaun","Draughn","2.300000031789144","6","4500","TB@SF","SF","TB","","","",""
"16655-28525","WR","Braxton","Miller","1.4249999523162842","4","4500","HOU@DEN","HOU","DEN","","","",""
"16655-26610","WR","Paul","Richardson","2.450000047683716","4","4500","SEA@ARI","SEA","ARI","","","",""
"16655-29327","WR","Bralon","Addison","0","0","4500","HOU@DEN","DEN","HOU","","","",""
"16655-30412","WR","Tavarres","King","0","1","4500","NYG@LA","NYG","LA","","","",""
"16655-31263","WR","Ricardo","Louis","4.220000076293945","5","4500","CLE@CIN","CLE","CIN","","","",""
"16655-27439","WR","Durron","Neal","0","0","4500","HOU@DEN","DEN","HOU","","","",""
"16655-44791","RB","Bronson","Hill","0","0","4500","OAK@JAC","JAC","OAK","","","",""
"16655-31261","RB","Tre","Mason","3.269230769230769","13","4500","NYG@LA","LA","NYG","O","Personal","",""
"16655-26598","WR","Nelson","Spruce","0","0","4500","NYG@LA","LA","NYG","Q","Calf","",""
"16655-29340","WR","Josh","Huff","2.6799999237060548","5","4500","MIN@PHI","PHI","MIN","","","",""
"16655-54694","TE","Justin","Perillo","1.350000023841858","2","4500","CHI@GB","GB","CHI","","","",""
"16655-30428","WR","Malcolm","Mitchell","2.799999952316284","4","4500","NE@PIT","NE","PIT","Q","Hamstring","",""
"16655-31280","K","Cody","Parkey","8.25","4","4500","CLE@CIN","CLE","CIN","","","",""
"16655-27403","TE","Blake","Bell","0.6666666666666666","3","4500","TB@SF","SF","TB","","","",""
"16655-28487","TE","Jeff","Heuerman","1.933333396911621","3","4500","HOU@DEN","DEN","HOU","","","",""
"16655-29351","WR","De'Anthony","Thomas","2.4000000953674316","1","4500","NO@KC","KC","NO","","","",""
"16655-27411","RB","Aaron","Ripkowski","1.2000000476837158","2","4500","CHI@GB","GB","CHI","","","",""
"16655-31269","RB","Corey","Grant","2","4","4500","OAK@JAC","JAC","OAK","","","",""
"16655-28502","WR","Devin","Smith","2.857142857142857","7","4500","BAL@NYJ","NYJ","BAL","NA","Knee","",""
"16655-54659","WR","Tony","Washington","0.800000011920929","1","4500","OAK@JAC","JAC","OAK","","","",""
"16655-25463","WR","Canaan","Severin","0","0","4500","NE@PIT","PIT","NE","IR","Undisclosed","",""
"16655-32410","RB","Trey","Williams","1.2000000476837158","1","4500","IND@TEN","IND","TEN","","","",""
"16655-54651","RB","Dominique","Williams","0","0","4500","BAL@NYJ","NYJ","BAL","","","",""
"16655-26411","TE","Ryan","Malleck","0","0","4500","NYG@LA","NYG","LA","","","",""
"16655-34014","WR","Aaron","Dobson","3.433333396911621","6","4500","WAS@DET","DET","WAS","","","",""
"16655-31435","TE","Nic","Jacobs","0.36666667461395264","3","4500","OAK@JAC","JAC","OAK","","","",""
"16655-29277","TE","Stephen","Anderson","2.1666666666666665","3","4500","HOU@DEN","HOU","DEN","","","",""
"16655-30228","WR","Tyler","Murphy","2.0999999046325684","1","4500","BUF@MIA","MIA","BUF","","","",""
"16655-70335","TE","Seth","DeValve","0","0","4500","CLE@CIN","CLE","CIN","Q","Knee","",""
"16655-53532","WR","Roger","Lewis","8.899999618530273","1","4500","NYG@LA","NYG","LA","","","",""
"16655-54612","RB","Lorenzo","Taliaferro","5.366666793823242","3","4500","BAL@NYJ","BAL","NYJ","NA","Foot","",""
"16655-55694","WR","Mike","Thomas","0","2","4500","NYG@LA","LA","NYG","","","",""
"16655-54623","WR","Jeff","Janis","1.2000000476837158","2","4500","CHI@GB","GB","CHI","","","",""
"16655-54621","WR","Walt","Powell","2.8333333333333335","3","4500","BUF@MIA","BUF","MIA","","","",""
"16655-29290","WR","Bryce","Treggs","0","0","4500","MIN@PHI","PHI","MIN","","","",""
"16655-7244","RB","John","Kuhn","7.224999904632568","4","4500","NO@KC","NO","KC","","","",""
"16655-28562","TE","Jake","Stoneburner","6.400000254313151","3","4500","NO@KC","NO","KC","","","",""
"16655-12055","TE","Logan","Paulsen","0.6666666666666666","3","4500","CHI@GB","CHI","GB","","","",""
"16655-28570","TE","Nick","Vannett","0","0","4500","SEA@ARI","SEA","ARI","","","",""
"16655-29304","RB","Daniel","Lasco","1.899999976158142","2","4500","NO@KC","NO","KC","Q","Hamstring","",""
"16655-32957","TE","Eric","Tomlinson","0","0","4500","HOU@DEN","HOU","DEN","","","",""
"16655-21547","RB","Will","Johnson","2.2600000381469725","5","4500","NYG@LA","NYG","LA","IR","Shoulder","",""
"16655-72262","TE","Nick","Truesdell","0","0","4500","IND@TEN","IND","TEN","","","",""
"16655-31378","WR","Kadron","Boone","0","0","4500","NYG@LA","NYG","LA","","","",""
"16655-22774","RB","Jonas","Gray","4.100000108991351","7","4500","OAK@JAC","JAC","OAK","","","",""
"16655-22767","WR","Brian","Tyms","0","0","4500","IND@TEN","IND","TEN","","","",""
"16655-30297","TE","Trey","Burton","4.625","4","4500","MIN@PHI","PHI","MIN","","","",""
"16655-70342","TE","Temarrick","Hemingway","0","0","4500","NYG@LA","LA","NYG","","","",""
"16655-31417","WR","James","Wright","1.0499999523162842","4","4500","CLE@CIN","CIN","CLE","Q","Knee","",""
"16655-22746","WR","Kashif","Moore","0","0","4500","NO@KC","KC","NO","","","",""
"16655-46001","RB","Joey","Iosefa","2.549999952316284","2","4500","NE@PIT","NE","PIT","","","",""
"16655-38301","TE","Darren","Fells","2.6500000953674316","4","4500","SEA@ARI","ARI","SEA","","","",""
"16655-30307","RB","Mack","Brown","0","0","4500","WAS@DET","WAS","DET","","","",""
"16655-29237","WR","Chris","Harper","-0.29999999205271405","3","4500","TB@SF","SF","TB","","","",""
"16655-31406","RB","Alfred","Blue","1.7833333015441895","6","4500","HOU@DEN","HOU","DEN","","","",""
"16655-32483","WR","Josh","Boyce","0","0","4500","CLE@CIN","CLE","CIN","","","",""
"16655-30326","RB","Keith","Marshall","0","0","4500","WAS@DET","WAS","DET","IR","Elbow","",""
"16655-25356","TE","Benson","Browne","0","0","4500","NYG@LA","LA","NYG","","","",""
"16655-70373","TE","Mike","Miller","0","0","4500","IND@TEN","IND","TEN","","","",""
"16655-70372","WR","Chester","Rogers","3.4200000762939453","5","4500","IND@TEN","IND","TEN","","","",""
"16655-61666","WR","Jared","Dangerfield","0","0","4500","NO@KC","NO","KC","","","",""
"16655-32045","TE","Vance","McDonald","6.824999809265137","4","4500","TB@SF","SF","TB","","","",""
"16655-31073","RB","Knile","Davis","1.100000023841858","2","4500","CHI@GB","GB","CHI","","","",""
"16655-62633","TE","Matt","Lengel","0","0","4500","CLE@CIN","CIN","CLE","","","",""
"16655-27672","TE","Matt","LaCosse","3.700000047683716","1","4500","NYG@LA","NYG","LA","IR","Knee","",""
"16655-62628","WR","DeAndre","Carter","0","0","4500","NE@PIT","NE","PIT","","","",""
"16655-62631","RB","Gus","Johnson","0","0","4500","SD@ATL","ATL","SD","","","",""
"16655-25751","TE","Chris","Pantale","0","0","4500","MIN@PHI","PHI","MIN","","","",""
"16655-24797","RB","Juwan","Thompson","1.6124999523162842","8","4500","HOU@DEN","DEN","HOU","","","",""
"16655-33571","RB","George","Atkinson III","0","4","4500","CLE@CIN","CLE","CIN","","","",""
"16655-62600","WR","Joshua","Stangby","0","0","4500","IND@TEN","IND","TEN","","","",""
"16655-39615","TE","Brandon","Williams","0","6","4500","SEA@ARI","SEA","ARI","","","",""
"16655-30108","WR","Marquess","Wilson","6.0363637750799","11","4500","CHI@GB","CHI","GB","NA","Foot","",""
"16655-46088","RB","Jhurell","Pressley","0","0","4500","CHI@GB","GB","CHI","","","",""
"16655-32000","TE","Luke","Willson","1.6","5","4500","SEA@ARI","SEA","ARI","O","Knee - mcl","",""
"16655-11454","RB","Dexter","McCluster","1.649999976158142","4","4500","SD@ATL","SD","ATL","","","",""
"16655-62623","RB","John","Crockett","1.0499999523162842","2","4500","CHI@GB","GB","CHI","IR","Shoulder","",""
"16655-27692","RB","Josh","Ferguson","3.8333333333333335","6","4500","IND@TEN","IND","TEN","","","",""
"16655-62619","K","Andrew","Franks","5.833333333333333","6","4500","BUF@MIA","MIA","BUF","","","",""
"16655-62617","TE","Khari","Lee","0","1","4500","WAS@DET","DET","WAS","","","",""
"16655-43504","RB","Don","Jackson","0","0","4500","CHI@GB","GB","CHI","","","",""
"16655-11431","TE","Jermaine","Gresham","1.4833332697550456","6","4500","SEA@ARI","ARI","SEA","","","",""
"16655-38517","RB","Dreamius","Smith","0","2","4500","SD@ATL","SD","ATL","","","",""
"16655-25789","WR","Rashawn","Scott","0","0","4500","BUF@MIA","MIA","BUF","","","",""
"16655-31015","WR","DeAndrew","White","1.399999976158142","2","4500","NE@PIT","NE","PIT","","","",""
"16655-48380","K","Wil","Lutz","9","5","4500","NO@KC","NO","KC","","","",""
"16655-14761","WR","Andre","Holmes","3.7599998474121095","5","4500","OAK@JAC","OAK","JAC","","","",""
"16655-60745","K","Jason","Myers","8","5","4500","OAK@JAC","JAC","OAK","","","",""
"16655-29084","WR","Rashad","Ross","1.2999999523162842","1","4500","WAS@DET","WAS","DET","","","",""
"16655-25827","TE","Asante","Cleveland","0.6000000238418579","1","4500","SD@ATL","SD","ATL","","","",""
"16655-27771","WR","Cody","Latimer","0.925000011920929","4","4500","HOU@DEN","DEN","HOU","Q","Concussion","",""
"16655-11511","TE","Tony","Moeaki","4.433333396911621","3","4500","CHI@GB","CHI","GB","","","",""
"16655-11504","WR","Andre","Roberts","2.816666603088379","6","4500","WAS@DET","DET","WAS","","","",""
"16655-62668","TE","John","Peters","0","0","4500","CLE@CIN","CIN","CLE","","","",""
"16655-30990","RB","Jalston","Fowler","1.899999976158142","1","4500","IND@TEN","TEN","IND","","","",""
"16655-39678","TE","E.J.","Bibbs","0.6000000238418579","2","4500","CLE@CIN","CLE","CIN","","","",""
"16655-39649","RB","Benny","Cunningham","2.0799999237060547","5","4500","NYG@LA","LA","NYG","","","",""
"16655-26657","RB","Christian","Powell","0","0","4500","NE@PIT","PIT","NE","","","",""
"16655-32082","WR","Jordan","Taylor","0.8333333333333334","3","4500","HOU@DEN","DEN","HOU","","","",""
"16655-22447","WR","Griff","Whalen","0","1","4500","SD@ATL","SD","ATL","","","",""
"16655-30012","WR","Kevin","Smith","1.933333396911621","3","4500","SEA@ARI","SEA","ARI","","","",""
"16655-39455","RB","Kerwynn","Williams","3.4666665395100913","6","4500","SEA@ARI","ARI","SEA","","","",""
"16655-62508","TE","James","O'Shaughnessy","2.339999961853027","5","4500","NO@KC","KC","NO","","","",""
"16655-62505","TE","MyCole","Pruitt","1.2000000476837158","1","4500","MIN@PHI","MIN","PHI","Q","Knee","",""
"16655-33703","WR","Ryan","Grant","0.25","4","4500","WAS@DET","WAS","DET","","","",""
"16655-62515","WR","Neal","Sterling","1.5","1","4500","OAK@JAC","JAC","OAK","Q","Foot","",""
"16655-29991","RB","Bishop","Sankey","4.183333396911621","12","4500","NE@PIT","NE","PIT","","","",""
"16655-39428","RB","Kyle","Juszczyk","3.6499999364217124","6","4500","BAL@NYJ","BAL","NYJ","","","",""
"16655-32185","RB","Zach","Line","0.30000001192092896","2","4500","MIN@PHI","MIN","PHI","","","",""
"16655-22336","WR","Joshua","Bellamy","0.8666666348775228","3","4500","CHI@GB","CHI","GB","","","",""
"16655-10354","RB","Marcel","Reece","4.233333333333333","15","4500","OAK@JAC","OAK","JAC","","","",""
"16655-24679","RB","Zac","Brooks","0","0","4500","SEA@ARI","SEA","ARI","","","",""
"16655-24682","RB","Andre","Ellington","1.4499999682108562","6","4500","SEA@ARI","ARI","SEA","","","",""
"16655-31184","RB","Jonathan","Williams","0.15000000596046448","2","4500","BUF@MIA","BUF","MIA","","","",""
"16655-29003","RB","Ka'Deem","Carey","2.174999952316284","4","4500","CHI@GB","CHI","GB","","","",""
"16655-31191","WR","Mekale","McKay","0","0","4500","IND@TEN","IND","TEN","","","",""
"16655-14683","RB","Patrick","DiMarco","1.5499999523162842","4","4500","SD@ATL","ATL","SD","Q","Shoulder","",""
"16655-39512","RB","Kendall","Gaskins","3.674999952316284","4","4500","TB@SF","SF","TB","","","",""
"16655-32234","RB","Malcolm","Brown","2.549999952316284","2","4500","NYG@LA","LA","NYG","","","",""
"16655-41370","WR","Trevor","Davis","0","4","4500","CHI@GB","GB","CHI","","","",""
"16655-14643","RB","DuJuan","Harris","7.775000095367432","4","4500","TB@SF","SF","TB","","","",""
"16655-48224","TE","Wes","Saxton","0","1","4500","WAS@DET","WAS","DET","","","",""
"16655-25694","RB","Andre","Williams","2.1812500953674316","16","4500","SD@ATL","SD","ATL","","","",""
"16655-31157","WR","Cobi","Hamilton","10.600000381469727","1","4500","NE@PIT","PIT","NE","","","",""
"16655-7001","TE","Kellen","Davis","0","1","4500","BAL@NYJ","NYJ","BAL","","","",""
"16655-39492","TE","Josh","Hill","9.300000190734863","1","4500","NO@KC","NO","KC","","","",""
"16655-9442","WR","Brandon","Tate","0.06666666766007741","6","4500","BUF@MIA","BUF","MIA","","","",""
"16655-24621","WR","Charone","Peake","6.133333206176758","3","4500","BAL@NYJ","NYJ","BAL","","","",""
"16655-28933","WR","Jared","Abbrederis","0.6499999761581421","2","4500","CHI@GB","GB","CHI","NA","Quadriceps","",""
"16655-33733","WR","Xavier","Rush","0","0","4500","MIN@PHI","PHI","MIN","","","",""
"16655-11648","TE","Jim","Dray","1.0111111534966364","9","4500","BUF@MIA","BUF","MIA","","","",""
"16655-27918","TE","Henry","Krieger-Coble","0","0","4500","HOU@DEN","DEN","HOU","","","",""
"16655-28907","WR","Alex","Erickson","0.4166666666666667","6","4500","CLE@CIN","CIN","CLE","","","",""
"16655-25052","RB","Zach","Laskey","0","0","4500","NYG@LA","LA","NYG","IR","Undisclosed","",""
"16655-22220","TE","Sean","McGrath","0.8999999761581421","2","4500","SD@ATL","SD","ATL","","","",""
"16655-10695","RB","Darrel","Young","0.6888888676961263","9","4500","CHI@GB","CHI","GB","","","",""
"16655-29866","RB","Paul","Perkins","5.100000063578288","3","4500","NYG@LA","NYG","LA","","","",""
"16655-22219","WR","Jermaine","Kearse","4.240000152587891","5","4500","SEA@ARI","SEA","ARI","","","",""
"16655-57556","TE","Jerome","Cunningham","1.6499999364217122","6","4500","IND@TEN","TEN","IND","","","",""
"16655-23046","RB","Jamize","Olawale","4","5","4500","OAK@JAC","OAK","JAC","","","",""
"16655-40913","TE","Thomas","Duarte","0","0","4500","BUF@MIA","MIA","BUF","","","",""
"16655-23055","TE","Brandon","Bostick","0.699999988079071","2","4500","BAL@NYJ","NYJ","BAL","","","",""
"16655-29830","WR","Shaq","Evans","0","0","4500","NE@PIT","NE","PIT","","","",""
"16655-26038","TE","Tyler","Kroft","4.100000063578288","3","4500","CLE@CIN","CIN","CLE","","","",""
"16655-22244","TE","Beau","Brinkley","0","16","4500","IND@TEN","TEN","IND","","","",""
"16655-30807","TE","Mychal","Rivera","1.350000023841858","2","4500","OAK@JAC","OAK","JAC","","","",""
"16655-43260","TE","Darion","Griswold","0","0","4500","IND@TEN","IND","TEN","","","",""
"16655-26045","WR","Leonte","Carroo","1.2000000476837158","2","4500","BUF@MIA","MIA","BUF","","","",""
"16655-40932","WR","Pharoh","Cooper","0","1","4500","NYG@LA","LA","NYG","","","",""
"16655-28890","RB","Derek","Watt","0.8666666348775228","3","4500","SD@ATL","SD","ATL","","","",""
"16655-6828","RB","Tim","Hightower","1.0800000190734864","5","4500","NO@KC","NO","KC","","","",""
"16655-29854","TE","Kevin","McDermott","0","16","4500","MIN@PHI","MIN","PHI","","","",""
"16655-31748","WR","Levi","Norwood","0","0","4500","NE@PIT","PIT","NE","","","",""
"16655-40843","RB","Alex","Collins","2.950000047683716","4","4500","SEA@ARI","SEA","ARI","","","",""
"16655-26076","RB","Sam","Bergen","0","0","4500","IND@TEN","TEN","IND","","","",""
"16655-6870","TE","Vernon","Davis","5.279999923706055","5","4500","WAS@DET","WAS","DET","","","",""
"16655-33403","WR","Tevin","Jones","0","0","4500","HOU@DEN","HOU","DEN","","","",""
"16655-40857","RB","Peyton","Barber","0.6000000238418579","1","4500","TB@SF","TB","SF","","","",""
"16655-26057","RB","Michael","Burton","1.6375000476837158","8","4500","WAS@DET","DET","WAS","","","",""
"16655-28815","RB","Akeem","Hunt","2.357142857142857","7","4500","HOU@DEN","HOU","DEN","","","",""
"16655-6904","WR","Devin","Hester","-0.4","5","4500","BAL@NYJ","BAL","NYJ","Q","Thigh","",""
"16655-45343","WR","Daniel","Braverman","0","0","4500","CHI@GB","CHI","GB","","","",""
"16655-7856","WR","Matthew","Slater","0.25","2","4500","NE@PIT","NE","PIT","","","",""
"16655-28807","TE","Gabe","Holmes","0","0","4500","OAK@JAC","OAK","JAC","IR","Ankle","",""
"16655-22188","RB","Daryl","Richardson","0.3499999940395355","2","4500","NE@PIT","PIT","NE","","","",""
"16655-11766","TE","Jeff","Cumberland","1.4571428298950195","7","4500","SD@ATL","SD","ATL","IR","Achilles","",""
"16655-26934","RB","Toben","Opurum","0","2","4500","HOU@DEN","DEN","HOU","","","",""
"16655-12305","RB","Will","Tukuafu","0","1","4500","SEA@ARI","SEA","ARI","","","",""
"16655-28030","RB","Fitzgerald","Toussaint","0.6000000238418579","4","4500","NE@PIT","PIT","NE","","","",""
"16655-28021","RB","Sione","Houma","0","0","4500","NO@KC","NO","KC","","","",""
"16655-12525","D","Atlanta","Falcons","5.833333333333333","6","4500","SD@ATL","ATL","SD","","","",""
"16655-25886","WR","Devin","Street","1.8899999618530274","10","4500","IND@TEN","IND","TEN","","","",""
"16655-6672","TE","Marcedes","Lewis","3.9400001525878907","5","4500","OAK@JAC","JAC","OAK","","","",""
"16655-7761","TE","Jared","Cook","2.7666667302449546","3","4500","CHI@GB","GB","CHI","NA","Ankle","",""
"16655-11522","WR","Marcus","Easley","4.100000063578288","3","4500","BUF@MIA","BUF","MIA","NA","Kneecap","",""
"16655-45562","RB","Paul","Lasike","0.15000000596046448","2","4500","CHI@GB","CHI","GB","","","",""
"16655-6660","RB","Donald","Brown","6.950000127156575","6","4500","NE@PIT","NE","PIT","","","",""
"16655-12536","D","Kansas City","Chiefs","10.2","5","4500","NO@KC","KC","NO","","","",""
"16655-11538","TE","Garrett","Graham","1.5714285714285714","7","4500","HOU@DEN","DEN","HOU","","","",""
"16655-11543","TE","Clay","Harbor","0.800000011920929","1","4500","WAS@DET","DET","WAS","","","",""
"16655-11562","TE","Andrew","Quarless","1.6999999682108562","3","4500","WAS@DET","DET","WAS","","","",""
"16655-7801","TE","Brandon","Myers","3.2666667302449546","3","4500","TB@SF","TB","SF","","","",""
"16655-19342","TE","Demetrius","Harris","1.7399999618530273","5","4500","NO@KC","KC","NO","","","",""
"16655-28744","RB","Raheem","Mostert","-0.25","8","4500","CHI@GB","CHI","GB","","","",""
"16655-22116","RB","Cyrus","Gray","0","0","4500","SD@ATL","ATL","SD","","","",""
"16655-11556","TE","Michael","Hoomanawanui","2.910000038146973","10","4500","NO@KC","NO","KC","IR","Lower leg","",""
"16655-14406","RB","Bruce","Miller","2.589999961853027","10","4500","TB@SF","SF","TB","","","",""
"16655-29725","TE","Levine","Toilolo","4.375","4","4500","SD@ATL","ATL","SD","","","",""
"16655-7784","WR","Darrius","Heyward-Bey","5.699999809265137","4","4500","NE@PIT","PIT","NE","","","",""
"16655-33424","WR","Mose","Frazier","0","0","4500","HOU@DEN","DEN","HOU","","","",""
"16655-31874","RB","Kenneth","Farrow","0.8999999761581421","2","4500","SD@ATL","SD","ATL","","","",""
"16655-29723","RB","Stepfan","Taylor","0.6000000238418579","2","4500","SEA@ARI","ARI","SEA","","","",""
"16655-28088","RB","Denard","Robinson","1.2999999523162842","2","4500","OAK@JAC","JAC","OAK","","","",""
"16655-27020","RB","Glenn","Gronkowski","0","0","4500","NE@PIT","NE","PIT","","","",""
"16655-29805","RB","Ryan","Hewitt","1.5444444020589192","9","4500","CLE@CIN","CIN","CLE","","","",""
"16655-22029","RB","Bernard","Pierce","0.824999988079071","4","4500","BAL@NYJ","NYJ","BAL","","","",""
"16655-48482","TE","David","Morgan","0","0","4500","MIN@PHI","MIN","PHI","","","",""
"16655-6742","TE","Brent","Celek","3.066666603088379","3","4500","MIN@PHI","PHI","MIN","","","",""
"16655-7706","TE","Chase","Coffman","8.550000190734863","2","4500","IND@TEN","IND","TEN","","","",""
"16655-6745","RB","Brian","Leonard","0","0","4500","MIN@PHI","MIN","PHI","","","",""
"16655-57348","RB","Glenn","Winston","-2.799999952316284","1","4500","CLE@CIN","CLE","CIN","IR","Shoulder","",""
"16655-14394","TE","Virgil","Green","4.833333333333333","3","4500","HOU@DEN","DEN","HOU","","","",""
"16655-24862","WR","Rashad","Greene","0.9750000238418579","4","4500","OAK@JAC","JAC","OAK","","","",""
"16655-14369","RB","Jordan","Todman","0","4","4500","IND@TEN","IND","TEN","","","",""
"16655-45472","TE","Garrett","Griffin","0","0","4500","NO@KC","NO","KC","","","",""
"16655-11609","RB","James","Starks","3.049999952316284","4","4500","CHI@GB","GB","CHI","NA","Knee","",""
"16655-29821","WR","Jordan","Payton","0","1","4500","CLE@CIN","CLE","CIN","","","",""
"16655-28721","RB","Brandon","Cottom","0","0","4500","SEA@ARI","SEA","ARI","IR","Achilles","",""
"16655-14372","WR","Aldrick","Robinson","3.8799999237060545","5","4500","SD@ATL","ATL","SD","","","",""
"16655-22047","TE","Ladarius","Green","6.876923194298377","13","4500","NE@PIT","PIT","NE","NA","Ankle","",""
"16655-38790","WR","Jalin","Marshall","1.625","4","4500","BAL@NYJ","NYJ","BAL","","","",""
"16655-33531","TE","Ben","Koyack","0","0","4500","OAK@JAC","JAC","OAK","","","",""
"16655-22034","WR","Chris","Givens","3.7928570338657925","14","4500","MIN@PHI","PHI","MIN","","","",""
"16655-28735","WR","Daniel","Anthrop","0","0","4500","IND@TEN","IND","TEN","","","",""
"16655-28126","TE","Paul","Lang","0","0","4500","NE@PIT","PIT","NE","","","",""
"16655-28131","WR","Keith","Mumphery","1.4214285441807337","14","4500","HOU@DEN","HOU","DEN","","","",""
"16655-10531","WR","Jordan","Norwood","2.866666793823242","6","4500","HOU@DEN","DEN","HOU","","","",""
"16655-14355","TE","Niles","Paul","2.0999999046325684","1","4500","WAS@DET","WAS","DET","","","",""
"16655-29768","RB","Patrick","Skov","0","0","4500","CLE@CIN","CLE","CIN","","","",""
"16655-14358","WR","Dwayne","Harris","-0.3333333333333333","6","4500","NYG@LA","NYG","LA","","","",""
"16655-22063","WR","Keshawn","Martin","-2","1","4500","TB@SF","SF","TB","","","",""
"16655-24882","K","Roberto","Aguayo","4.2","5","4500","TB@SF","TB","SF","","","",""
"16655-6778","TE","Anthony","Fasano","2.5250000953674316","4","4500","IND@TEN","TEN","IND","","","",""
"16655-22051","RB","Orson","Charles","0","0","4500","WAS@DET","DET","WAS","","","",""
"16655-22048","RB","Robert","Turbin","4.540000152587891","5","4500","IND@TEN","IND","TEN","","","",""
"16655-33488","TE","Troy","Niklas","0.25","2","4500","SEA@ARI","ARI","SEA","IR","Wrist","",""
"16655-28144","TE","Dion","Sims","2.6799999237060548","5","4500","BUF@MIA","MIA","BUF","Q","Concussion","",""
"16655-7718","RB","Cedric","Peerman","0","4","4500","CLE@CIN","CIN","CLE","IR","Elbow","",""
"16655-22065","TE","Rhett","Ellison","1.5","2","4500","MIN@PHI","MIN","PHI","","","",""
"16655-11635","WR","Marc","Mariani","0","6","4500","IND@TEN","TEN","IND","","","",""
"16655-6767","K","Ryan","Succop","5.5","6","4500","IND@TEN","TEN","IND","","","",""
"16655-14348","TE","Lee","Smith","1.9666666984558105","3","4500","OAK@JAC","OAK","JAC","IR","Ankle","",""
"16655-12545","D","Philadelphia","Eagles","12.2","5","4400","MIN@PHI","PHI","MIN","","","",""
"16655-12544","D","New York","Jets","3.6666666666666665","6","4400","BAL@NYJ","NYJ","BAL","","","",""
"16655-12549","D","San Francisco","49ers","5","6","4400","TB@SF","SF","TB","","","",""
"16655-12552","D","Washington","Redskins","7.5","6","4400","WAS@DET","WAS","DET","","","",""
"16655-12541","D","New England","Patriots","7.833333333333333","6","4400","NE@PIT","NE","PIT","","","",""
"16655-12543","D","New York","Giants","4","6","4400","NYG@LA","NYG","LA","","","",""
"16655-12539","D","Miami","Dolphins","6.333333333333333","6","4400","BUF@MIA","MIA","BUF","","","",""
"16655-12547","D","Pittsburgh","Steelers","4.5","6","4300","NE@PIT","PIT","NE","","","",""
"16655-12551","D","Tampa Bay","Buccaneers","5.2","5","4300","TB@SF","TB","SF","","","",""
"16655-12554","D","Jacksonville","Jaguars","4.2","5","4300","OAK@JAC","JAC","OAK","","","",""
"16655-12532","D","Detroit","Lions","4.5","6","4300","WAS@DET","DET","WAS","","","",""
"16655-12535","D","Indianapolis","Colts","3","6","4300","IND@TEN","IND","TEN","","","",""
"16655-12556","D","Houston","Texans","6.666666666666667","6","4200","HOU@DEN","HOU","DEN","","","",""
"16655-12548","D","San Diego","Chargers","7.166666666666667","6","4100","SD@ATL","SD","ATL","","","",""
"16655-12542","D","New Orleans","Saints","3.2","5","4100","NO@KC","NO","KC","","","",""
"16655-12527","D","Chicago","Bears","5.5","6","4000","CHI@GB","CHI","GB","","","",""
"16655-12529","D","Cleveland","Browns","4.166666666666667","6","4000","CLE@CIN","CLE","CIN","","","",""